W2802076461,W2938336924
W2802076461,W2903643311
W2802076461,W3130002813
W2802076461,W2901432668
W2802076461,W2942316574
W2802076461,W2969719332
W2802076461,W3119294619
W2802076461,W3120822143
W2802076461,W2803386772
W2802076461,W2915810185
W2802076461,W3043787412
W2802076461,W3033870437
W2802076461,W3184872422
W2802076461,W3206985319
W2802076461,W3172596771
W2802076461,W3160601075
W2802076461,W4214556435
W2802076461,W4288456916
W2802076461,W4316498835
W2802076461,W4360975578
W2802076461,W4366547369
W2802076461,W4392233772
W2802076461,W4393316041
W2802076461,W4396873099
W2802076461,W4400165096
W4200343821,W4406598630
W4200343821,W4407129805
W4200343821,W4389491840
W4200343821,W4390726747
W4200343821,W4378894444
W4200343821,W4391109062
W4200343821,W4385809704
W4200343821,W4320519478
W4200343821,W4213101520
W4200343821,W4393390747
W4200343821,W4393997732
W4200343821,W4396726857
W4200343821,W4400776962
W4200343821,W4401500803
W4200343821,W4402402659
W4200343821,W4403103863
W4200343821,W4403986484
W4200343821,W4405288506
W4200343821,W4405809131
W4200343821,W4385633964
W4200343821,W4390755884
W4200343821,W4321604081
W4200343821,W4378627738
W4200343821,W4388808125
W4200343821,W4388829808
W2888620450,W2967229736
W2888620450,W4404778922
W3043247933,W4220752194
W3043247933,W4400382919
W3043247933,W4229373166
W3043247933,W4207006228
W3043247933,W4387215702
W3043247933,W4392272050
W3043247933,W4304161065
W3043247933,W3195274180
W3043247933,W4381856553
W3043247933,W4383873471
W2113537253,W2103879113
W2113537253,W1596469162
W2113537253,W2955156490
W2113537253,W2949000601
W2113537253,W2121310500
W2113537253,W569910285
W2113537253,W2025170215
W2113537253,W2997937120
W2113537253,W2888229558
W2113537253,W4235786747
W2113537253,W2127881954
W2113537253,W2091990486
W2113537253,W2070613259
W2113537253,W2785352827
W2113537253,W2068075745
W2113537253,W2157458234
W2113537253,W2148348615
W2113537253,W2563713338
W2113537253,W1954837135
W2113537253,W2748849586
W2113537253,W2917285211
W2113537253,W2092624142
W2113537253,W2085661640
W2113537253,W1967734447
W2113537253,W2039719269
W2950850620,W2988488544
W2950850620,W4386691462
W2950850620,W4389037690
W2950850620,W4387210915
W2950850620,W4396964480
W2950850620,W3141295370
W2950850620,W4367185600
W2950850620,W4386893937
W2950850620,W4312063002
W2950850620,W3176807687
W2950850620,W3186404841
W2732730595,W1966214904
W2732730595,W2247549049
W2732730595,W2120616392
W2732730595,W2101291711
W2732730595,W2007361603
W2732730595,W1950174551
W2732730595,W2097134168
W2732730595,W2908060575
W2732730595,W2129991809
W2732730595,W1964441093
W2732730595,W1887051195
W2732730595,W4376872984
W2732730595,W4407698739
W2732730595,W11926248
W2732730595,W2619052903
W2732730595,W2142586137
W2732730595,W2897446178
W2732730595,W2730292416
W2732730595,W2159882342
W2732730595,W1965791308
W2732730595,W2756881802
W2732730595,W2170018176
W2732730595,W2806491703
W2732730595,W1608854589
W2732730595,W3163774922
W2791565878,W4385065022
W2791565878,W4312779655
W2791565878,W3195293695
W2791565878,W4404779038
W2791565878,W3010188598
W4389305854,W4408277881
W2097259236,W4386256575
W2097259236,W1992838830
W2097259236,W2077629564
W2097259236,W2069149367
W2097259236,W2082971611
W2097259236,W2809759967
W2097259236,W1511669331
W2097259236,W2124300779
W2097259236,W3163608380
W2097259236,W4206168095
W2097259236,W2041389695
W2097259236,W1986573937
W2097259236,W2100327704
W2097259236,W2620842775
W2097259236,W3106637865
W2097259236,W2804346796
W2097259236,W3212635703
W2097259236,W4206156744
W2097259236,W4297183524
W2097259236,W4392120155
W2097259236,W4406112787
W2097259236,W4406389740
W2097259236,W4406875554
W2097259236,W4407129836
W2097259236,W4408421566
W1966226672,W4407558045
W1966226672,W3194672471
W1966226672,W3038097562
W1966226672,W2997222219
W1966226672,W2913321439
W1966226672,W3035774647
W1966226672,W4404049998
W1966226672,W2992017879
W1966226672,W2462737730
W1966226672,W3112643177
W1966226672,W4322740364
W1966226672,W2967229736
W1966226672,W4389989872
W1966226672,W2972927073
W1966226672,W2027299075
W1966226672,W4392397660
W1966226672,W4394934181
W1966226672,W4404543191
W1966226672,W4404589750
W1966226672,W4405887024
W1966226672,W2911905662
W1966226672,W4285676611
W1966226672,W4297103184
W1966226672,W4311613093
W1966226672,W3158065551
W3158065551,W4389989872
W3158065551,W4396671073
W3158065551,W4400220956
W3158065551,W4390541862
W2408335963,W2507516587
W2408335963,W4214687161
W2408335963,W4405001635
W2408335963,W4362635274
W2408335963,W4200209133
W2408335963,W3090688355
W2408335963,W4321604081
W2408335963,W4362633460
W3174225209,W4407109677
W3174225209,W3093318546
W3174225209,W4393378484
W3174225209,W4399907531
W3174225209,W4401749092
W3174225209,W4405812399
W3174225209,W4375821634
W3174225209,W4382618815
W3174225209,W4385816073
W3174225209,W4293458162
W3174225209,W4386609184
W3174225209,W4386736244
W2794426459,W4381740830
W2794426459,W2913477077
W2794426459,W4210380238
W2794426459,W4223904572
W2794426459,W4313455016
W2794426459,W4401224834
W2794426459,W4391324360
W2794426459,W4406563852
W2794426459,W4406848539
W2794426459,W4406998397
W2794426459,W4407632485
W2794426459,W4407970593
W2794426459,W4408421566
W2794426459,W4280643331
W2794426459,W4280639347
W2794426459,W4400348934
W2794426459,W4401361503
W2794426459,W3210735810
W2794426459,W4213202204
W2794426459,W4380886859
W2794426459,W4391407660
W2794426459,W4393965151
W2794426459,W3148379652
W2794426459,W3208054811
W2794426459,W3152447117
W3104068996,W4226218116
